[
    {"_id":"6107daafb6c5e110ace3f93c",
       "evaluating":3,"notes":"Amazing customer service",
       "suggestions":"plase add see food to your Restaurant"
    },
    {"_id":"6107daafb6c5e110ace3f93c",
      "evaluating":4,"notes":"Top-notch everything. The views, the staff, the food. Loved it.",
       "suggestions":"plase add see food to your Restaurant"},
    {"_id":"6107daafb6c5e110ace3f93c",
        "evaluating":3,
        "notes":"Fabulous from beginning to end. See tripadvisor for more detailed reviews about this fabulous place.    ",
        "suggestions":"plase add see food to your Restaurant"
    },
    {"_id":"6107daafb6c5e110ace3f93c",
       "evaluating":3,"notes":"Amazing customer service",
       "suggestions":"plase add see food to your Restaurant"
    },
    {"_id":"6107daafb6c5e110ace3f93c",
      "evaluating":4,"notes":"Top-notch everything. The views, the staff, the food. Loved it.",
       "suggestions":"plase add see food to your Restaurant"},
    {"_id":"6107daafb6c5e110ace3f93c",
        "evaluating":3,
        "notes":"Fabulous from beginning to end. See tripadvisor for more detailed reviews about this fabulous place.    ",
        "suggestions":"plase add see food to your Restaurant"
    }
]